{
  "portfolioName" : "Ensemble-AllSectors",
  "symbols" : [ "META", "GOOGL", "GOOG", "LYV", "NFLX", "DIS", "TTWO", "SATS", "WBD", "CHTR", "AMZN", "TSLA", "HD", "TJX", "MCD", "BKNG", "LOW", "SBUX", "ORLY", "MAR", "WMT", "COST", "PG", "KO", "PM", "MDLZ", "MO", "PEP", "CL", "TGT", "XOM", "CVX", "COP", "SLB", "WMB", "EOG", "VLO", "MPC", "PSX", "KMI", "BRK-B", "JPM", "V", "MA", "BAC", "GS", "WFC", "C", "MS", "AXP", "LLY", "JNJ", "ABBV", "MRK", "UNH", "AMGN", "TMO", "ABT", "GILD", "ISRG", "CAT", "GE", "RTX", "GEV", "BA", "DE", "ETN", "HON", "UNP", "UBER", "LIN", "NEM", "FCX", "CRH", "VMC", "SHW", "APD", "NUE", "CTVA", "MLM", "WELL", "PLD", "EQIX", "AMT", "SPG", "DLR", "CBRE", "VTR", "PSA", "O", "NVDA", "AAPL", "MSFT", "AVGO", "MU", "AMD", "CSCO", "LRCX", "AMAT", "PLTR", "NEE", "SO", "DUK", "CEG", "AEP", "SRE", "D", "ETR", "EXC", "XEL" ],
  "startWeights" : {
    "META" : 0.016231,
    "GOOGL" : 0.008523,
    "GOOG" : 0.004977,
    "LYV" : 0.002013,
    "NFLX" : 0.007045,
    "DIS" : 7.3E-4,
    "TTWO" : 0.001531,
    "SATS" : 0.046959,
    "WBD" : 0.001468,
    "CHTR" : 0.001431,
    "AMZN" : 0.029805,
    "TSLA" : 0.033221,
    "HD" : 0.004523,
    "TJX" : 0.004378,
    "MCD" : 0.003461,
    "BKNG" : 0.003913,
    "LOW" : 0.002197,
    "SBUX" : 0.001306,
    "ORLY" : 0.006807,
    "MAR" : 0.001298,
    "WMT" : 0.028117,
    "COST" : 0.024789,
    "PG" : 0.004613,
    "KO" : 0.00344,
    "PM" : 0.019426,
    "MDLZ" : 0.001076,
    "MO" : 0.004789,
    "PEP" : 7.49E-4,
    "CL" : 3.76E-4,
    "TGT" : 0.003535,
    "XOM" : 0.023887,
    "CVX" : 0.016451,
    "COP" : 0.004651,
    "SLB" : 0.001305,
    "WMB" : 0.015732,
    "EOG" : 0.001005,
    "VLO" : 8.41E-4,
    "MPC" : 0.026309,
    "PSX" : 3.78E-4,
    "KMI" : 3.51E-4,
    "BRK-B" : 0.019615,
    "JPM" : 0.013806,
    "V" : 0.006826,
    "MA" : 0.004454,
    "BAC" : 0.003127,
    "GS" : 0.030283,
    "WFC" : 0.001291,
    "C" : 2.45E-4,
    "MS" : 1.55E-4,
    "AXP" : 0.011108,
    "LLY" : 0.038722,
    "JNJ" : 0.011512,
    "ABBV" : 0.00665,
    "MRK" : 0.004632,
    "UNH" : 0.004887,
    "AMGN" : 4.04E-4,
    "TMO" : 0.001314,
    "ABT" : 4.0E-5,
    "GILD" : 0.013098,
    "ISRG" : 0.00965,
    "CAT" : 0.009359,
    "GE" : 0.007767,
    "RTX" : 0.025626,
    "GEV" : 0.038258,
    "BA" : 0.003233,
    "DE" : 0.001513,
    "ETN" : 4.85E-4,
    "HON" : 2.49E-4,
    "UNP" : 2.12E-4,
    "UBER" : 0.004207,
    "LIN" : 0.014796,
    "NEM" : 0.029887,
    "FCX" : 0.004136,
    "CRH" : 0.015619,
    "VMC" : 0.002536,
    "SHW" : 4.71E-4,
    "APD" : 0.001426,
    "NUE" : 0.019404,
    "CTVA" : 0.002382,
    "MLM" : 2.52E-4,
    "WELL" : 0.049466,
    "PLD" : 0.007354,
    "EQIX" : 0.004435,
    "AMT" : 0.002571,
    "SPG" : 0.012722,
    "DLR" : 0.002564,
    "CBRE" : 0.011439,
    "VTR" : 1.53E-4,
    "PSA" : 1.07E-4,
    "O" : 9.8E-5,
    "NVDA" : 0.019126,
    "AAPL" : 0.015863,
    "MSFT" : 0.010518,
    "AVGO" : 0.007021,
    "MU" : 0.009196,
    "AMD" : 0.001228,
    "CSCO" : 5.28E-4,
    "LRCX" : 4.56E-4,
    "AMAT" : 3.65E-4,
    "PLTR" : 0.026608,
    "NEE" : 0.016202,
    "SO" : 0.006558,
    "DUK" : 0.006122,
    "CEG" : 0.046805,
    "AEP" : 0.002958,
    "SRE" : 0.001986,
    "D" : 8.58E-4,
    "ETR" : 0.008766,
    "EXC" : 4.13E-4,
    "XEL" : 2.4E-4
  },
  "optimizeBy" : "utility",
  "initialUtility" : 4.39490542211652,
  "epochs" : [ {
    "epoch" : 0,
    "startWeights" : {
      "META" : 0.016231,
      "GOOGL" : 0.008523,
      "GOOG" : 0.004977,
      "LYV" : 0.002013,
      "NFLX" : 0.007045,
      "DIS" : 7.3E-4,
      "TTWO" : 0.001531,
      "SATS" : 0.046959,
      "WBD" : 0.001468,
      "CHTR" : 0.001431,
      "AMZN" : 0.029805,
      "TSLA" : 0.033221,
      "HD" : 0.004523,
      "TJX" : 0.004378,
      "MCD" : 0.003461,
      "BKNG" : 0.003913,
      "LOW" : 0.002197,
      "SBUX" : 0.001306,
      "ORLY" : 0.006807,
      "MAR" : 0.001298,
      "WMT" : 0.028117,
      "COST" : 0.024789,
      "PG" : 0.004613,
      "KO" : 0.00344,
      "PM" : 0.019426,
      "MDLZ" : 0.001076,
      "MO" : 0.004789,
      "PEP" : 7.49E-4,
      "CL" : 3.76E-4,
      "TGT" : 0.003535,
      "XOM" : 0.023887,
      "CVX" : 0.016451,
      "COP" : 0.004651,
      "SLB" : 0.001305,
      "WMB" : 0.015732,
      "EOG" : 0.001005,
      "VLO" : 8.41E-4,
      "MPC" : 0.026309,
      "PSX" : 3.78E-4,
      "KMI" : 3.51E-4,
      "BRK-B" : 0.019615,
      "JPM" : 0.013806,
      "V" : 0.006826,
      "MA" : 0.004454,
      "BAC" : 0.003127,
      "GS" : 0.030283,
      "WFC" : 0.001291,
      "C" : 2.45E-4,
      "MS" : 1.55E-4,
      "AXP" : 0.011108,
      "LLY" : 0.038722,
      "JNJ" : 0.011512,
      "ABBV" : 0.00665,
      "MRK" : 0.004632,
      "UNH" : 0.004887,
      "AMGN" : 4.04E-4,
      "TMO" : 0.001314,
      "ABT" : 4.0E-5,
      "GILD" : 0.013098,
      "ISRG" : 0.00965,
      "CAT" : 0.009359,
      "GE" : 0.007767,
      "RTX" : 0.025626,
      "GEV" : 0.038258,
      "BA" : 0.003233,
      "DE" : 0.001513,
      "ETN" : 4.85E-4,
      "HON" : 2.49E-4,
      "UNP" : 2.12E-4,
      "UBER" : 0.004207,
      "LIN" : 0.014796,
      "NEM" : 0.029887,
      "FCX" : 0.004136,
      "CRH" : 0.015619,
      "VMC" : 0.002536,
      "SHW" : 4.71E-4,
      "APD" : 0.001426,
      "NUE" : 0.019404,
      "CTVA" : 0.002382,
      "MLM" : 2.52E-4,
      "WELL" : 0.049466,
      "PLD" : 0.007354,
      "EQIX" : 0.004435,
      "AMT" : 0.002571,
      "SPG" : 0.012722,
      "DLR" : 0.002564,
      "CBRE" : 0.011439,
      "VTR" : 1.53E-4,
      "PSA" : 1.07E-4,
      "O" : 9.8E-5,
      "NVDA" : 0.019126,
      "AAPL" : 0.015863,
      "MSFT" : 0.010518,
      "AVGO" : 0.007021,
      "MU" : 0.009196,
      "AMD" : 0.001228,
      "CSCO" : 5.28E-4,
      "LRCX" : 4.56E-4,
      "AMAT" : 3.65E-4,
      "PLTR" : 0.026608,
      "NEE" : 0.016202,
      "SO" : 0.006558,
      "DUK" : 0.006122,
      "CEG" : 0.046805,
      "AEP" : 0.002958,
      "SRE" : 0.001986,
      "D" : 8.58E-4,
      "ETR" : 0.008766,
      "EXC" : 4.13E-4,
      "XEL" : 2.4E-4
    },
    "startUtility" : 4.39490542211652,
    "optimizeBy" : "utility",
    "step" : 0.03,
    "epochStreak" : 0,
    "temperature" : 0.05,
    "feasibleCount" : 0,
    "variants" : [ ],
    "stopped" : "noFeasibleMove"
  } ],
  "finalUtility" : 4.39490542211652,
  "totalGain" : 0.0,
  "epochCount" : 1
}